Optimizer,Subspace,Opset,HP_Idx,TestAcc1,TestAcc5
darts,deep,all_skip,8,77.59999991455078,98.79
gdas,single_cell,regular,1,85.13999986572266,99.4
gdas,single_cell,regular,4,87.58999998779296,99.5
gdas,single_cell,regular,0,84.89000002441406,99.26
gdas,single_cell,regular,3,86.4600000366211,99.45
gdas,wide,all_skip,8,86.60000004882812,99.46000004882812
gdas,wide,all_skip,7,85.03999986572266,99.39
sdarts,deep,all_skip,7,67.88999997558594,97.29999998779296
gdas,single_cell,regular,7,82.44,99.11
sdarts,deep,all_skip,8,71.33000006103515,97.96999998779296
pcdarts,wide,regular,6,83.81999986572265,99.33
pcdarts,single_cell,regular,5,89.54000001220703,99.68
pcdarts,deep,no_skip,6,62.58000001220703,96.51999991455078
pcdarts,deep,all_skip,2,87.15999989013672,99.48000004882812
oles,wide,all_skip,3,89.71999990234374,99.63
oles,deep,no_skip,8,77.74000006103516,98.77999989013672
darts,deep,all_skip,6,71.86999995117188,97.9100000366211
darts,deep,all_skip,7,72.88999991455078,98.18999998779296
oles,deep,regular,3,88.40999995117187,99.67
oles,wide,regular,8,86.22999989013672,99.48
sdarts,single_cell,no_skip,6,79.12999991455078,98.91
pcdarts,deep,all_skip,8,76.94000004882813,98.78999989013673
fairdarts,single_cell,regular,5,88.67999998779297,99.61
pcdarts,single_cell,no_skip,5,89.16000004882812,99.61
drnas,wide,regular,5,90.94000002441406,99.76
sdarts,wide,regular,5,89.80000001220704,99.68
fairdarts,single_cell,all_skip,5,87.27999997558594,99.66
pcdarts,deep,all_skip,7,73.73000002441407,98.16999998779296
fairdarts,deep,no_skip,8,73.60000001220703,98.26999989013672
pcdarts,wide,no_skip,7,85.09000002441407,99.33
pcdarts,wide,no_skip,8,86.9300000366211,99.58
drnas,deep,all_skip,0,80.10999987792968,99.06
pcdarts,deep,regular,3,86.82999997558593,99.47999989013672
oles,deep,regular,0,85.38999985351562,99.44
fairdarts,single_cell,no_skip,0,82.85999990234374,99.21
gdas,wide,all_skip,0,87.89000003662109,99.59
fairdarts,deep,no_skip,1,82.15000004882812,99.17
drnas,wide,all_skip,0,85.53999995117188,99.39000004882811
gdas,wide,no_skip,0,87.94000004882813,99.59
fairdarts,single_cell,all_skip,4,87.21999991455078,99.59
pcdarts,single_cell,all_skip,5,89.24999985351562,99.61
sdarts,wide,no_skip,7,85.05,99.35
oles,wide,regular,4,90.29999986572264,99.65
sdarts,single_cell,all_skip,7,77.76999991455078,98.76
fairdarts,wide,regular,4,89.63999986572266,99.72
darts,wide,all_skip,7,79.64999991455078,99.00000004882811
darts,single_cell,all_skip,7,80.06000002441407,99.05
fairdarts,wide,no_skip,4,90.30999986572266,99.76
pcdarts,deep,no_skip,4,85.31999997558594,99.31
oles,wide,all_skip,5,90.55999997558594,99.73
oles,deep,all_skip,4,85.69999995117188,99.48
darts,deep,no_skip,3,85.69999987792968,99.43
gdas,deep,all_skip,8,77.94000006103515,98.85
oles,deep,no_skip,4,88.47999993896484,99.6
sdarts,deep,no_skip,4,86.61999986572266,99.48000004882812
gdas,deep,all_skip,5,87.33000003662109,99.51
gdas,deep,all_skip,7,74.20999997558594,98.39999993896484
gdas,deep,all_skip,6,72.18000001220703,98.09999993896484
gdas,deep,all_skip,4,86.49999986572266,99.41
gdas,deep,all_skip,3,84.08999990234375,99.33
gdas,deep,all_skip,2,85.06000002441407,99.42000004882811
gdas,deep,all_skip,1,81.92999993896484,99.09000004882812
gdas,deep,all_skip,0,80.05999995117187,98.9
fairdarts,deep,all_skip,4,86.58999987792969,99.38000004882812
gdas,single_cell,regular,8,83.7700000366211,99.19
drnas,deep,no_skip,8,80.80000002441406,99.07
drnas,deep,all_skip,8,76.2400000366211,98.54999993896485
pcdarts,deep,all_skip,6,70.15,97.56999989013671
fairdarts,deep,all_skip,8,74.34,98.30999998779296
darts,deep,no_skip,8,79.47000002441406,99.04000004882812
fairdarts,deep,no_skip,7,66.90999996337891,97.5599999267578
sdarts,deep,no_skip,8,73.67999986572265,98.31999998779295
gdas,deep,regular,8,83.64000004882813,99.24999989013672
drnas,deep,all_skip,7,69.97999995117188,97.59999987792968
drnas,deep,no_skip,7,74.28000004882813,98.24999989013672
gdas,single_cell,regular,6,81.92999992675782,99.07
darts,deep,no_skip,7,71.05999986572266,97.70999987792968
pcdarts,deep,all_skip,5,88.83999990234375,99.75
fairdarts,deep,all_skip,7,71.39999991455078,97.93999989013672
fairdarts,deep,no_skip,6,66.07999995727539,96.98999997558592
oles,deep,no_skip,7,71.62999989013672,98.06000004882812
sdarts,deep,no_skip,7,64.15999994506836,96.4900000366211
gdas,deep,regular,7,80.63999986572266,98.96000004882812
pcdarts,deep,no_skip,8,70.66000006103516,97.96999993896485
gdas,single_cell,regular,5,87.71999993896485,99.43
gdas,wide,regular,8,86.90999986572265,99.55
drnas,deep,all_skip,6,71.90999990234376,98.0500000366211
drnas,deep,no_skip,6,72.57000004882812,98.06999989013671
darts,deep,no_skip,6,72.77999995117187,98.06999993896484
fairdarts,deep,all_skip,6,68.4399999267578,97.09999997558592
oles,deep,no_skip,6,69.68999993896485,97.71000004882812
fairdarts,deep,no_skip,5,88.05999987792968,99.53
sdarts,deep,no_skip,6,65.57,96.67999992675782
drnas,wide,all_skip,8,84.6199999633789,99.35000004882812
drnas,deep,regular,8,84.21999985351563,99.27000004882812
gdas,deep,regular,6,79.18000001220703,98.96000004882812
pcdarts,deep,all_skip,4,87.9,99.51
pcdarts,deep,no_skip,7,63.21999998779297,96.2999999267578
gdas,wide,all_skip,6,84.31000001220703,99.43
drnas,wide,no_skip,8,86.47000003662109,99.39
gdas,wide,regular,7,85.46999996337891,99.36000004882813
sdarts,single_cell,no_skip,8,81.39999998779297,99.11
darts,deep,regular,8,83.37999997558593,99.24000004882812
gdas,single_cell,all_skip,8,83.41999989013672,99.31
oles,deep,regular,5,90.71,99.79
drnas,deep,all_skip,5,88.02000001220703,99.65
drnas,deep,no_skip,5,89.48999995117188,99.76
darts,wide,regular,8,86.27000002441406,99.53000004882811
drnas,single_cell,no_skip,8,84.72999995117188,99.38
drnas,wide,all_skip,7,82.17000003662109,99.27
drnas,deep,regular,7,82.26999987792969,99.17999989013671
darts,deep,no_skip,5,87.34999998779297,99.54
fairdarts,single_cell,no_skip,8,81.30000002441406,99.11
sdarts,single_cell,no_skip,7,79.58999993896484,98.94000004882813
gdas,wide,regular,6,85.34999991455078,99.38
gdas,deep,regular,5,89.68000002441406,99.65
drnas,wide,no_skip,7,85.21000001220703,99.42
fairdarts,deep,all_skip,5,87.04999997558593,99.56999989013671
gdas,single_cell,all_skip,7,81.55999993896485,99.16000004882812
sdarts,deep,no_skip,5,87.06000003662109,99.57
oles,wide,regular,7,84.93999997558593,99.44
oles,deep,no_skip,5,88.84999990234375,99.59
gdas,wide,all_skip,5,91.76000002441408,99.82
darts,deep,regular,7,81.12000001220703,99.07000004882812
fairdarts,deep,no_skip,4,88.14999989013671,99.61
oles,deep,all_skip,5,85.20999990234375,99.45
pcdarts,deep,no_skip,5,86.02000001220703,99.43
oles,deep,regular,4,89.23000004882813,99.68
pcdarts,deep,all_skip,3,87.06999997558594,99.53
darts,wide,regular,7,84.88000001220703,99.39
sdarts,deep,all_skip,6,66.06999995117188,97.1200000366211
darts,deep,all_skip,5,88.33999989013672,99.52
drnas,single_cell,no_skip,7,84.13999995117187,99.37000004882812
gdas,wide,no_skip,5,91.88000002441406,99.77000004882812
fairdarts,single_cell,no_skip,7,80.09000006103516,99.04000004882812
drnas,wide,all_skip,6,82.34999993896484,99.12000004882812
drnas,deep,regular,6,80.01999986572265,99.2
gdas,wide,regular,5,91.29999996337892,99.8
drnas,deep,all_skip,4,87.10000004882812,99.57
gdas,single_cell,all_skip,6,80.92999986572265,98.98
drnas,wide,no_skip,6,84.16999991455079,99.22
drnas,deep,no_skip,4,89.27999990234375,99.7
pcdarts,deep,regular,8,80.23999997558593,99.07
oles,wide,regular,6,84.42999997558594,99.29
gdas,deep,regular,4,89.04999990234376,99.62
darts,deep,regular,6,80.49000002441406,99.09000004882812
darts,deep,no_skip,4,87.03999986572266,99.5
fairdarts,wide,all_skip,5,90.07999997558592,99.74000004882812
darts,wide,regular,6,83.99999998779298,99.25
drnas,single_cell,no_skip,6,83.39999995117188,99.25
gdas,wide,all_skip,4,90.8999999633789,99.75000004882811
fairdarts,single_cell,no_skip,6,79.38,99.00000004882811
gdas,wide,no_skip,4,91.17999992675782,99.72000004882813
sdarts,deep,all_skip,5,81.71999987792968,99.06999989013671
pcdarts,wide,all_skip,8,86.83999986572266,99.42
fairdarts,deep,no_skip,3,85.21999991455078,99.38000004882812
darts,deep,all_skip,4,87.45999997558594,99.52
drnas,wide,all_skip,5,89.75999985351562,99.68000004882812
gdas,single_cell,all_skip,5,87.52999992675781,99.52
sdarts,wide,all_skip,8,85.56999997558594,99.44
sdarts,deep,regular,8,82.06999990234375,99.18000004882812
gdas,wide,regular,4,90.65000002441408,99.7
drnas,wide,no_skip,5,91.1999999145508,99.75
drnas,deep,regular,5,89.74999990234375,99.65
darts,wide,no_skip,8,86.48999997558593,99.42
darts,wide,all_skip,8,81.41999993896485,99.12
sdarts,wide,no_skip,8,86.53000001220703,99.53
oles,single_cell,all_skip,5,87.69999992675781,99.62000004882812
oles,wide,regular,5,90.6299999633789,99.79
fairdarts,wide,no_skip,5,91.00999985351562,99.74
fairdarts,wide,regular,5,90.72999990234376,99.72
sdarts,single_cell,all_skip,8,79.17999986572265,98.87
darts,single_cell,all_skip,8,82.05000002441406,99.16
darts,deep,regular,5,88.48999990234375,99.63000004882812
drnas,single_cell,no_skip,5,88.94999993896485,99.60000004882812
darts,wide,regular,5,90.41000001220704,99.69
pcdarts,deep,regular,7,75.31999987792969,98.45999989013671
fairdarts,single_cell,no_skip,5,85.97999997558594,99.47
darts,single_cell,regular,8,74.21999996337891,98.31000004882812
fairdarts,wide,all_skip,4,89.58999991455079,99.74
oles,single_cell,no_skip,5,80.30000006103515,99.05
drnas,deep,all_skip,3,85.79999993896485,99.42
sdarts,single_cell,regular,8,79.27999990234375,98.92
drnas,deep,no_skip,3,88.07999990234374,99.62
darts,single_cell,no_skip,8,70.43,97.94999993896484
gdas,deep,regular,3,87.87999995117187,99.46
gdas,wide,all_skip,3,90.31999985351564,99.7
gdas,wide,no_skip,3,90.38999987792968,99.67
gdas,single_cell,all_skip,4,87.62999989013672,99.48
drnas,wide,all_skip,4,89.25000002441406,99.72
sdarts,deep,all_skip,4,80.97999991455079,98.97
gdas,wide,regular,3,89.62000004882813,99.71
pcdarts,wide,all_skip,7,84.83999991455079,99.29
drnas,wide,no_skip,4,90.78999986572266,99.70000004882812
gdas,single_cell,regular,2,86.64999993896484,99.5
oles,deep,no_skip,3,87.07999993896485,99.54000004882812
pcdarts,deep,no_skip,3,82.28999997558594,99.14
oles,wide,all_skip,4,90.60999997558594,99.76
oles,deep,all_skip,3,84.20999995117188,99.41000004882812
sdarts,deep,no_skip,3,84.35000004882812,99.34
fairdarts,deep,all_skip,3,85.12999995117187,99.43
drnas,deep,regular,4,88.79999998779297,99.65
sdarts,wide,all_skip,7,83.72999998779297,99.31
sdarts,deep,regular,7,78.35999991455078,98.73999989013672
darts,deep,all_skip,3,86.22999991455079,99.54
darts,wide,no_skip,7,84.3999999633789,99.28
oles,single_cell,all_skip,4,88.41999993896485,99.59
drnas,single_cell,no_skip,4,88.36999992675781,99.57
pcdarts,wide,regular,8,85.86999992675781,99.45
fairdarts,single_cell,no_skip,4,85.74999986572266,99.46
darts,deep,regular,4,88.13,99.59
darts,single_cell,regular,7,73.23,98.27999998779296
darts,wide,regular,4,90.25999991455078,99.7
oles,single_cell,no_skip,4,80.21000006103516,98.97999989013672
sdarts,single_cell,regular,7,77.32,98.75000004882811
darts,single_cell,no_skip,7,69.94000004882813,97.85999993896483
fairdarts,deep,no_skip,2,86.40999996337891,99.43
pcdarts,deep,regular,6,74.99999997558594,98.43
fairdarts,wide,all_skip,3,88.38999990234375,99.66
gdas,deep,no_skip,5,86.53999991455078,99.46000004882812
drnas,single_cell,all_skip,5,89.22999995117188,99.63
drnas,single_cell,regular,5,88.16000004882812,99.54
oles,single_cell,regular,5,84.08999991455079,99.29
oles,wide,no_skip,5,91.16000001220704,99.75
fairdarts,deep,regular,5,90.85000002441406,99.78000004882811
gdas,single_cell,all_skip,3,85.90000001220703,99.42
gdas,wide,no_skip,2,90.20999986572264,99.74
gdas,wide,all_skip,2,90.20999997558594,99.65
gdas,wide,regular,2,89.62999986572265,99.66000004882812
gdas,deep,regular,2,87.91999985351562,99.63
drnas,single_cell,no_skip,3,87.71999997558594,99.53
drnas,wide,no_skip,3,90.17999995117188,99.7
drnas,wide,all_skip,3,88.24999985351562,99.72
drnas,deep,no_skip,2,87.78999987792969,99.60000004882812
drnas,deep,all_skip,2,86.58000003662109,99.50000004882811
drnas,deep,regular,3,87.89999998779297,99.48000004882812
fairdarts,single_cell,no_skip,3,85.12999991455078,99.31
oles,single_cell,no_skip,3,79.52999996337891,99.00000004882811
darts,single_cell,no_skip,6,70.21999997558594,97.84999993896484
sdarts,wide,all_skip,6,83.35999989013672,99.2
pcdarts,wide,all_skip,6,84.25999997558594,99.4
pcdarts,wide,regular,7,84.58000001220704,99.35
sdarts,deep,all_skip,3,79.78000002441406,98.84999989013671
sdarts,deep,regular,6,78.35000006103516,98.79999989013672
sdarts,single_cell,all_skip,6,76.6499999633789,98.59000004882812
oles,single_cell,all_skip,3,86.82999986572266,99.44
darts,wide,all_skip,6,78.7,98.91000004882812
fairdarts,wide,no_skip,3,89.3,99.71
darts,wide,no_skip,6,84.08000001220704,99.3
darts,single_cell,all_skip,6,79.77999996337891,98.99000004882812
sdarts,wide,no_skip,6,83.70999993896484,99.35
pcdarts,wide,no_skip,6,84.8399999633789,99.39
darts,single_cell,regular,6,73.01,98.22999993896484
sdarts,single_cell,regular,6,76.08999990234375,98.62999989013672
fairdarts,wide,regular,3,88.99,99.69
oles,wide,regular,3,89.44000002441406,99.59
darts,wide,regular,3,89.34999991455078,99.70000004882812
sdarts,deep,no_skip,2,84.91999997558594,99.34
pcdarts,deep,no_skip,2,82.25999998779297,99.17
darts,deep,regular,3,87.06999989013671,99.62
oles,deep,no_skip,2,86.52999989013672,99.52
darts,deep,no_skip,2,85.73999991455078,99.48
fairdarts,deep,all_skip,2,84.92999985351562,99.38000004882812
oles,deep,all_skip,2,83.99999989013672,99.38000004882812
darts,deep,all_skip,2,85.83999991455079,99.29999989013672
pcdarts,deep,regular,5,90.02999991455079,99.75
gdas,single_cell,all_skip,2,87.06999992675782,99.6
fairdarts,wide,all_skip,2,88.79999995117187,99.58
drnas,wide,all_skip,2,88.28000004882813,99.65
sdarts,deep,all_skip,2,79.60999990234374,98.83999998779296
drnas,wide,no_skip,2,89.94000002441406,99.65
gdas,single_cell,no_skip,5,87.00999992675781,99.49
pcdarts,wide,all_skip,5,91.65999986572264,99.74
drnas,single_cell,no_skip,2,87.93000002441406,99.58
drnas,deep,regular,2,88.41999990234375,99.45
oles,deep,regular,2,88.69999990234375,99.56
sdarts,deep,regular,5,87.72999989013672,99.65
sdarts,wide,all_skip,5,90.54999985351564,99.8
sdarts,single_cell,no_skip,5,85.57000002441406,99.38000004882812
gdas,deep,no_skip,4,85.31999995117188,99.39
drnas,single_cell,all_skip,4,88.53000004882813,99.53000004882811
drnas,single_cell,regular,4,87.17999987792969,99.43
sdarts,single_cell,all_skip,5,84.49999993896485,99.24
oles,single_cell,all_skip,2,86.52999987792968,99.45
drnas,wide,regular,4,90.4099999267578,99.63
darts,wide,all_skip,5,87.01999993896484,99.51
fairdarts,deep,regular,4,89.82000002441406,99.67
fairdarts,single_cell,no_skip,2,84.92999985351562,99.37
pcdarts,single_cell,no_skip,4,88.18999990234374,99.64
oles,single_cell,no_skip,2,79.22000002441406,98.99000004882812
darts,single_cell,all_skip,5,87.00000004882813,99.54
pcdarts,wide,no_skip,5,91.43999997558592,99.81
darts,single_cell,no_skip,5,72.33999997558594,98.09999993896484
darts,deep,regular,2,86.59999992675782,99.51
sdarts,wide,no_skip,5,90.98999991455078,99.75
fairdarts,wide,no_skip,2,89.18999998779297,99.73
oles,wide,regular,2,89.48999991455078,99.59
pcdarts,single_cell,all_skip,4,88.67999998779297,99.67
darts,wide,no_skip,5,91.04999991455078,99.79
fairdarts,wide,regular,2,89.40999996337891,99.72
gdas,wide,no_skip,1,88.61999993896484,99.74
fairdarts,single_cell,regular,4,88.33999993896484,99.6
oles,wide,no_skip,4,90.5699999633789,99.71
sdarts,wide,regular,4,89.15999995117187,99.68
pcdarts,single_cell,regular,4,89.15999990234376,99.64
oles,single_cell,regular,4,83.69999987792968,99.14
pcdarts,wide,regular,5,90.92999991455078,99.74
darts,wide,regular,2,89.04999993896485,99.58000004882813
gdas,wide,all_skip,1,88.10999996337891,99.51
gdas,deep,regular,1,85.49000001220703,99.40999989013672
sdarts,single_cell,regular,5,82.98,99.29
darts,single_cell,regular,5,77.76999998779297,98.78000004882811
gdas,wide,regular,1,88.25999993896484,99.58
pcdarts,deep,all_skip,1,82.00999998779297,99.22
drnas,deep,all_skip,1,81.99999998779298,99.13000004882812
drnas,deep,no_skip,1,83.83999989013672,99.35000004882812
gdas,single_cell,all_skip,1,85.36999985351562,99.44
gdas,single_cell,no_skip,4,86.3399999633789,99.43
drnas,single_cell,no_skip,1,86.05999990234375,99.44000004882813
drnas,wide,all_skip,1,86.54,99.55
oles,deep,no_skip,1,82.41999998779296,99.13
fairdarts,deep,all_skip,1,81.39999993896484,99.08000004882813
drnas,wide,no_skip,1,88.08000004882813,99.56
sdarts,deep,no_skip,1,78.02999991455079,98.75000004882811
darts,deep,no_skip,1,81.5599999633789,99.07999989013672
oles,deep,all_skip,1,79.46999993896485,98.88999989013672
fairdarts,wide,all_skip,1,86.40999997558593,99.46
pcdarts,deep,no_skip,1,76.05999986572266,98.58999993896484
pcdarts,deep,regular,4,88.2,99.66
darts,deep,all_skip,1,82.5,99.3
drnas,deep,regular,1,85.98999997558593,99.49
sdarts,single_cell,no_skip,4,86.00999992675781,99.47
fairdarts,single_cell,no_skip,1,83.30000004882812,99.3
oles,single_cell,no_skip,1,78.21000006103516,98.78999989013673
sdarts,deep,all_skip,1,74.65999987792969,98.45999993896484
darts,single_cell,no_skip,4,73.46999993896485,98.27999989013672
pcdarts,wide,all_skip,4,91.21999987792968,99.73
oles,deep,regular,1,86.24999992675781,99.4
sdarts,single_cell,all_skip,4,83.92000004882813,99.27
oles,single_cell,all_skip,1,84.93999990234374,99.40000004882812
sdarts,deep,regular,4,87.04999990234376,99.56
darts,single_cell,all_skip,4,86.1300000366211,99.47
sdarts,wide,all_skip,4,90.59999992675782,99.69
darts,wide,all_skip,4,86.65000002441407,99.55
sdarts,single_cell,regular,4,83.25,99.23
pcdarts,wide,no_skip,4,90.95999997558594,99.73
sdarts,wide,no_skip,4,90.44,99.71
darts,single_cell,regular,4,77.69999990234375,98.7
fairdarts,wide,no_skip,1,87.70999986572265,99.55
darts,wide,no_skip,4,90.34999990234375,99.75
darts,deep,regular,1,84.57000001220703,99.38
fairdarts,wide,regular,1,87.40999997558593,99.55000004882812
oles,wide,regular,1,87.73999998779297,99.56
sdarts,wide,regular,3,87.96999993896485,99.67
pcdarts,wide,regular,4,90.05999991455079,99.68
darts,wide,regular,1,87.6,99.52
gdas,single_cell,no_skip,3,85.61999985351562,99.44
drnas,single_cell,regular,3,86.27999992675781,99.39
gdas,deep,no_skip,3,83.25,99.18000004882812
drnas,wide,regular,3,89.23000001220703,99.59000004882812
drnas,single_cell,all_skip,3,87.72,99.5
fairdarts,single_cell,all_skip,3,86.13999985351562,99.47
pcdarts,single_cell,all_skip,3,87.31000004882813,99.57
pcdarts,single_cell,regular,3,88.59999990234375,99.59
fairdarts,single_cell,regular,3,87.90999987792969,99.6
oles,wide,no_skip,3,89.58000004882813,99.63
pcdarts,single_cell,no_skip,3,87.38999996337891,99.64
oles,single_cell,regular,3,82.05999987792968,99.18
fairdarts,deep,regular,3,88.46,99.57000004882812
gdas,single_cell,all_skip,0,84.59999995117188,99.3
gdas,wide,regular,0,87.48000003662109,99.55000004882812
gdas,deep,regular,0,84.25999985351562,99.39
drnas,single_cell,no_skip,0,86.2099999633789,99.51
drnas,wide,no_skip,0,87.77000004882812,99.45
drnas,deep,no_skip,0,81.27000002441406,99.06
drnas,deep,regular,0,84.34999990234375,99.50000004882811
sdarts,single_cell,all_skip,3,82.74999992675781,99.23
sdarts,single_cell,no_skip,3,84.63999998779298,99.36
oles,single_cell,no_skip,0,77.37,98.80000004882812
darts,single_cell,no_skip,3,73.92999989013671,98.37999989013672
sdarts,single_cell,regular,3,82.10999993896485,99.35
darts,single_cell,all_skip,3,85.77999986572266,99.48
oles,single_cell,all_skip,0,84.07000001220703,99.26
darts,single_cell,regular,3,78.34999990234375,98.81999989013671
pcdarts,wide,all_skip,3,90.27999986572266,99.69000004882813
sdarts,wide,no_skip,3,89.46999996337891,99.66
fairdarts,wide,no_skip,0,86.70999993896484,99.53
fairdarts,wide,all_skip,0,85.17000004882813,99.35
darts,wide,no_skip,3,88.9300000366211,99.64
sdarts,wide,all_skip,3,89.55999998779296,99.71
pcdarts,wide,no_skip,3,89.82999990234374,99.61
darts,wide,all_skip,3,85.8699999633789,99.43
darts,wide,regular,0,86.80999987792968,99.59
fairdarts,deep,no_skip,0,76.16999993896485,98.75999989013673
sdarts,deep,no_skip,0,76.42999990234375,98.54
sdarts,wide,regular,2,88.03,99.58000004882813
fairdarts,wide,regular,0,86.53999997558594,99.46
pcdarts,deep,no_skip,0,69.9099999267578,97.6199999267578
oles,wide,regular,0,86.76999989013672,99.52
pcdarts,wide,regular,3,89.15,99.73
darts,deep,all_skip,0,80.23999992675782,98.97
pcdarts,deep,all_skip,0,78.59999993896484,98.91999993896484
oles,deep,all_skip,0,77.19999995117188,98.84000003662108
oles,deep,no_skip,0,78.81999997558594,98.93000004882812
sdarts,deep,all_skip,0,72.60999990234374,98.08999993896484
fairdarts,deep,all_skip,0,76.72999987792969,98.71999989013672
darts,deep,no_skip,0,80.03999987792969,98.98999989013672
sdarts,deep,regular,3,85.55999992675781,99.36999989013673
darts,deep,regular,0,84.43999986572265,99.31000004882812
fairdarts,deep,regular,8,81.33000002441406,99.19000004882813
oles,deep,all_skip,8,76.52999990234375,98.72000004882813
gdas,deep,no_skip,8,74.3399999633789,98.40999993896484
oles,deep,regular,8,84.29999996337891,99.23
fairdarts,wide,all_skip,8,84.07000001220703,99.38000004882812
oles,wide,all_skip,8,85.40999991455078,99.38
gdas,wide,no_skip,8,87.00999992675781,99.6
pcdarts,single_cell,all_skip,8,83.91999995117187,99.29
fairdarts,single_cell,all_skip,8,83.85999985351563,99.29
oles,wide,no_skip,8,85.95999990234375,99.44
drnas,single_cell,all_skip,8,84.11999986572266,99.28
oles,single_cell,all_skip,8,82.95999990234375,99.19000004882813
fairdarts,wide,no_skip,8,85.7899999633789,99.44
fairdarts,wide,regular,8,85.6999999633789,99.45
drnas,wide,regular,8,85.97999991455079,99.48
fairdarts,deep,regular,7,74.59999989013671,98.48000004882812
fairdarts,deep,regular,2,89.03999995117188,99.6
fairdarts,single_cell,regular,8,84.58999985351562,99.26
sdarts,wide,regular,8,84.86999991455077,99.44
pcdarts,single_cell,regular,8,85.27999996337891,99.19000004882813
oles,deep,all_skip,7,70.05000001220704,97.70000003662108
pcdarts,single_cell,no_skip,8,84.48,99.4
drnas,single_cell,regular,8,84.27000004882812,99.28
gdas,deep,no_skip,7,70.19999993896485,97.68999989013672
gdas,deep,no_skip,2,83.3700000366211,99.24999989013672
oles,single_cell,regular,8,79.57000002441406,99.05
gdas,single_cell,no_skip,8,82.76999989013672,99.15
pcdarts,deep,regular,2,87.47999993896484,99.56999989013671
oles,deep,regular,7,83.07999998779297,99.21
oles,single_cell,no_skip,8,77.03999993896484,98.52999993896483
pcdarts,wide,all_skip,2,90.4100000366211,99.7
fairdarts,wide,all_skip,7,82.3200000366211,99.23
sdarts,wide,all_skip,2,89.48999993896484,99.68
oles,wide,all_skip,7,84.07,99.28
gdas,wide,no_skip,7,85.71999985351563,99.49000004882812
sdarts,deep,regular,2,85.26999995117187,99.36000004882813
oles,wide,all_skip,2,89.40999996337891,99.63
pcdarts,wide,no_skip,2,90.12,99.71
pcdarts,single_cell,all_skip,7,81.9600000366211,99.2
drnas,single_cell,all_skip,7,82.0699999633789,99.16
fairdarts,single_cell,all_skip,7,81.65000004882812,99.16
oles,wide,no_skip,7,84.13999987792968,99.35
fairdarts,single_cell,all_skip,2,87.03000003662109,99.53
drnas,single_cell,all_skip,2,87.34000003662109,99.58
pcdarts,single_cell,all_skip,2,87.22000002441406,99.54
oles,single_cell,all_skip,7,81.08999997558594,99.10999989013672
oles,wide,no_skip,2,89.8499999633789,99.63
darts,wide,all_skip,2,85.81999991455078,99.4
fairdarts,wide,no_skip,7,84.60999997558594,99.27
fairdarts,wide,regular,7,84.13999996337891,99.4
sdarts,wide,no_skip,2,89.56000004882813,99.7
drnas,wide,regular,7,84.50999990234375,99.27
darts,wide,no_skip,2,89.84000001220703,99.66
pcdarts,wide,regular,2,89.67999985351562,99.64
sdarts,wide,regular,7,83.54000002441406,99.24
fairdarts,single_cell,regular,7,83.21999993896485,99.19000004882813
drnas,wide,regular,2,90.13999991455078,99.71000004882812
pcdarts,single_cell,regular,7,83.55999985351562,99.15
sdarts,single_cell,all_skip,2,83.78999985351562,99.24
pcdarts,single_cell,regular,2,88.45999998779297,99.61
fairdarts,single_cell,regular,2,87.53999989013671,99.58
darts,single_cell,all_skip,2,85.8200000366211,99.43
pcdarts,single_cell,no_skip,7,82.79999998779297,99.25000004882811
drnas,single_cell,regular,7,82.4099999267578,99.09
pcdarts,single_cell,no_skip,2,87.50999997558594,99.52
drnas,single_cell,regular,2,86.72000001220704,99.48
oles,single_cell,regular,7,78.44999991455079,98.96
gdas,single_cell,no_skip,7,81.35999996337891,99.08
oles,single_cell,regular,2,82.73999992675782,99.25
gdas,single_cell,no_skip,2,85.18999996337891,99.41
sdarts,single_cell,no_skip,2,84.60000002441406,99.41
darts,single_cell,regular,2,77.30999989013672,98.63999989013672
oles,single_cell,no_skip,7,75.84999998779297,98.40999998779296
sdarts,single_cell,regular,2,82.30000004882812,99.1
darts,single_cell,no_skip,2,72.50999995117188,98.26999989013672
fairdarts,deep,regular,6,72.92999997558594,98.24999989013672
fairdarts,deep,regular,1,84.5599999633789,99.45000004882812
oles,deep,all_skip,6,70.10000006103516,97.87999993896484
gdas,deep,no_skip,6,68.68000002441406,97.78999993896484
gdas,deep,no_skip,1,79.41999996337891,98.77
oles,deep,regular,6,82.02,99.08000004882813
pcdarts,deep,regular,1,83.57000001220703,99.19000004882813
fairdarts,wide,all_skip,6,82.02,99.16
oles,wide,all_skip,6,83.19999990234375,99.28
pcdarts,wide,all_skip,1,88.39999995117188,99.62
sdarts,wide,all_skip,1,87.64999998779297,99.54
gdas,wide,no_skip,6,85.29999996337891,99.36
sdarts,deep,regular,1,83.44999989013672,99.35000004882812
pcdarts,single_cell,all_skip,6,81.57,99.21
drnas,single_cell,all_skip,6,81.34000001220703,99.16
oles,wide,all_skip,1,87.90999990234376,99.49
pcdarts,wide,no_skip,1,88.22999993896484,99.62
oles,wide,no_skip,6,84.02999990234375,99.35
fairdarts,single_cell,all_skip,6,80.36000004882813,99.01
oles,single_cell,all_skip,6,80.91999990234375,99.04999989013672
drnas,single_cell,all_skip,1,85.53999985351562,99.33
fairdarts,wide,no_skip,6,83.90000004882812,99.29
fairdarts,single_cell,all_skip,1,85.15000001220703,99.37000004882812
fairdarts,wide,regular,6,83.60000004882812,99.27
pcdarts,single_cell,all_skip,1,85.92999997558594,99.44
drnas,wide,regular,6,84.45999990234375,99.34
oles,wide,no_skip,1,87.73999993896484,99.51
darts,wide,all_skip,1,83.5200000366211,99.29
sdarts,wide,no_skip,1,88.11000004882813,99.5
sdarts,wide,regular,6,82.65999989013672,99.19000004882813
sdarts,wide,regular,1,86.82999989013672,99.47
fairdarts,single_cell,regular,6,82.7600000366211,99.19000004882813
pcdarts,single_cell,regular,6,83.27999995117187,99.2
darts,wide,no_skip,1,87.80000004882812,99.49000004882812
pcdarts,wide,regular,1,87.44999986572266,99.61
drnas,wide,regular,1,88.2400000366211,99.61
sdarts,single_cell,all_skip,1,81.55000002441406,99.17
pcdarts,single_cell,regular,1,87.26999998779297,99.45
pcdarts,single_cell,no_skip,6,82.50999998779297,99.21000004882812
drnas,single_cell,regular,6,81.8200000366211,99.11
fairdarts,single_cell,regular,1,86.10999997558594,99.35
oles,single_cell,regular,6,78.00000006103515,98.94
darts,single_cell,all_skip,1,83.73999991455078,99.4
gdas,single_cell,no_skip,6,80.50000006103515,99.09
pcdarts,single_cell,no_skip,1,86.23999993896484,99.41
drnas,single_cell,regular,1,85.34,99.38
oles,single_cell,no_skip,6,75.18000002441406,98.36999998779297
oles,single_cell,regular,1,81.48999998779297,99.03
gdas,single_cell,no_skip,1,83.90999995117187,99.24000004882812
sdarts,single_cell,no_skip,1,83.45999985351563,99.25
darts,single_cell,regular,1,76.7400000366211,98.55999998779296
sdarts,single_cell,regular,1,81.22999993896484,99.09000004882812
darts,single_cell,no_skip,1,72.67000001220703,98.29999993896485
gdas,single_cell,no_skip,0,83.59000003662109,99.3
gdas,deep,no_skip,0,75.17999997558594,98.42999993896484
drnas,wide,regular,0,87.25999993896484,99.52
drnas,single_cell,regular,0,84.65000001220703,99.25
drnas,single_cell,all_skip,0,84.36999985351562,99.32
sdarts,wide,regular,0,85.75999992675781,99.39
sdarts,wide,all_skip,0,86.72999992675781,99.46000004882812
sdarts,wide,no_skip,0,86.78999992675782,99.51000004882812
sdarts,single_cell,regular,0,81.05000001220704,99.08000004882813
sdarts,single_cell,no_skip,0,82.42999998779297,99.2
sdarts,single_cell,all_skip,0,81.31000003662109,98.95
sdarts,deep,regular,0,82.46999998779297,99.05000004882812
pcdarts,wide,regular,0,86.63999987792968,99.48
pcdarts,wide,no_skip,0,87.56999998779297,99.54
pcdarts,wide,all_skip,0,87.64999998779297,99.57
pcdarts,single_cell,regular,0,86.4300000366211,99.4
pcdarts,single_cell,no_skip,0,84.8399999633789,99.35
pcdarts,single_cell,all_skip,0,84.59999995117188,99.33
pcdarts,deep,regular,0,81.66999986572266,99.11999989013673
oles,wide,no_skip,0,87.22000003662109,99.48
oles,single_cell,regular,0,80.70000002441407,98.96
oles,wide,all_skip,0,86.66999997558594,99.45
fairdarts,single_cell,regular,0,85.55999997558594,99.41
fairdarts,single_cell,all_skip,0,84.12999990234376,99.38
fairdarts,deep,regular,0,82.00999990234375,99.31
darts,wide,no_skip,0,86.70999998779297,99.48
darts,wide,all_skip,0,83.22000003662109,99.35
darts,single_cell,no_skip,0,72.50999995117188,98.23999993896484
darts,single_cell,regular,0,76.01999993896484,98.59000004882812
darts,single_cell,all_skip,0,83.33000001220704,99.37
